,City,Cloudiness,Country,Date,Humidity,Lat,Lng,Max Temp,Wind Speed
0,Kharp,100,RU,1579841085,96,66.8,65.81,7.72,1.86
1,Castro,89,BR,1579841017,99,-24.79,-50.01,57.6,3.71
2,Tasiilaq,100,GL,1579841028,61,65.61,-37.64,17.6,11.41
3,Punta Arenas,64,CL,1579841064,65,-53.15,-70.92,46.2,10.29
4,Mount Isa,40,AU,1579840931,83,-20.73,139.5,80.6,6.93
5,Dikson,100,RU,1579840960,97,73.51,80.55,-8.37,11.92
6,Hilo,90,US,1579840905,73,19.73,-155.09,70.18,4.7
7,Kenai,90,US,1579840904,65,60.55,-151.26,-1.53,6.93
8,Atuona,1,PF,1579841023,78,-9.8,-139.03,81.18,13.27
9,Great Yarmouth,87,GB,1579841088,93,52.61,1.73,42.21,3.36
10,Launceston,90,AU,1579841089,39,-41.45,147.17,66.4,24.16
11,Faanui,64,PF,1579841011,75,-16.48,-151.75,82.85,11.03
12,Yangi Marg`ilon,90,UZ,1579841089,92,40.43,71.72,27.64,4.7
13,Byron Bay,100,AU,1579841090,66,-28.65,153.62,89.24,17.22
14,Rincon,90,US,1579840810,87,32.3,-81.24,50.23,8.05
15,Cape Town,0,ZA,1579840887,77,-33.93,18.42,66.04,12.75
17,Ushuaia,40,AR,1579841007,70,-54.8,-68.3,44.6,10.29
19,Rikitea,0,PF,1579841002,81,-23.12,-134.97,78.13,18.77
20,Barrow,20,US,1579841010,68,71.29,-156.79,-16.6,9.17
21,Mehamn,75,NO,1579840918,79,71.04,27.85,21.2,17.22
22,Tessalit,39,ML,1579841093,17,20.2,1.01,67.46,8.75
23,Qaanaaq,0,GL,1579841002,51,77.48,-69.36,-13.47,9.17
25,Avarua,100,CK,1579841038,94,-21.21,-159.78,78.8,6.93
26,Kaputa,100,ZM,1579841094,94,-8.47,29.66,66.51,5.93
27,Bereda,100,ES,1579841094,100,43.27,-7.54,36.84,5.82
28,Severo-Kuril'sk,84,RU,1579840925,90,50.68,156.12,17.04,14.45
29,Mataura,98,NZ,1579841004,63,-46.19,168.86,77.74,6.55
30,Saint George,1,US,1579841044,59,37.1,-113.58,43.74,1.7
31,Hermanus,20,ZA,1579840922,78,-34.42,19.23,65.46,15.64
34,Vao,100,NC,1579841097,78,-22.67,167.48,77.52,19.71
35,New Norfolk,51,AU,1579841075,34,-42.78,147.06,67.06,20.8
36,Tuatapere,91,NZ,1579840946,60,-46.13,167.68,72.5,4.56
37,Jamestown,75,US,1579840728,43,42.1,-79.24,34.25,4.7
38,Maltahohe,0,NA,1579840994,26,-24.83,16.98,63.5,4.61
39,Hobart,70,AU,1579840818,34,-42.88,147.33,67.12,20.8
43,Port Alfred,10,ZA,1579841100,95,-33.59,26.89,64.99,3.0
45,Busselton,0,AU,1579840937,23,-33.65,115.33,88.0,18.28
46,Khandyga,14,RU,1579841101,97,62.67,135.6,-36.87,0.98
47,Siderno,40,IT,1579841101,76,38.28,16.3,54.28,8.05
48,Kaitangata,76,NZ,1579841056,74,-46.28,169.85,69.01,5.99
49,Kapaa,75,US,1579840910,64,22.08,-159.32,76.03,8.05
50,Flinders,90,AU,1579841102,65,-34.58,150.86,75.72,14.99
51,Aksarayskiy,75,RU,1579841103,86,46.79,48.01,28.33,15.66
52,Aramil,75,RU,1579841103,92,56.7,60.84,17.6,6.71
53,San Patricio,100,MX,1579841104,76,19.22,-104.7,76.3,3.78
54,Geraldton,0,AU,1579841031,29,-28.77,114.6,91.4,20.8
55,Hithadhoo,25,MV,1579841050,77,-0.6,73.08,84.79,11.92
56,Kavieng,1,PG,1579841059,73,-2.57,150.8,83.3,13.29
57,Los Llanos de Aridane,24,ES,1579841105,58,28.66,-17.92,57.22,10.29
58,Tuktoyaktuk,75,CA,1579840956,76,69.45,-133.04,-9.4,9.17
59,Bredasdorp,78,ZA,1579841021,88,-34.53,20.04,64.89,3.36
60,Zyryanskoye,100,RU,1579841106,92,56.83,86.63,28.81,14.36
63,Sorkjosen,70,NO,1579841107,68,69.8,20.93,35.35,24.11
64,Niquero,11,CU,1579841107,87,20.04,-77.58,62.35,6.53
65,Vanderhoof,98,CA,1579841108,96,54.02,-124.02,30.16,3.0
68,Butaritari,67,KI,1579840935,72,3.07,172.79,83.71,7.65
69,Albany,90,US,1579840946,68,42.6,-73.97,24.42,1.74
70,Hasaki,75,JP,1579841058,76,35.73,140.83,55.98,3.36
71,De-Kastri,100,RU,1579841110,87,51.47,140.78,4.55,7.54
72,Port Hardy,90,CA,1579841111,100,50.7,-127.42,46.4,11.41
73,Olafsvik,100,IS,1579841111,68,64.89,-23.71,31.14,20.29
74,Warmbad,0,NA,1579841111,49,-28.45,18.73,65.16,11.25
75,Araouane,97,ML,1579841112,12,18.9,-3.53,71.53,3.6
76,Saskylakh,75,RU,1579841026,91,71.92,114.08,-33.56,16.02
77,Kamenka,8,RU,1579841043,91,51.32,42.77,10.42,1.01
78,Itakyry,16,PY,1579841113,98,-24.93,-55.22,63.12,2.71
79,Antofagasta,37,CL,1579841079,78,-23.65,-70.4,71.6,3.36
80,Ancud,1,CL,1579840928,87,-41.87,-73.82,50.0,2.24
81,Dunda,100,TZ,1579841114,98,-8.12,34.25,67.03,1.99
82,Altay,68,CN,1579841114,78,47.87,88.12,19.08,3.49
83,Thompson,5,CA,1579841077,84,55.74,-97.86,5.0,5.82
84,Batemans Bay,0,AU,1579840969,66,-35.72,150.18,78.71,1.99
85,Torbay,90,CA,1579840953,86,47.67,-52.73,29.68,18.34
86,Hamilton,90,US,1579840971,100,39.18,-84.53,37.98,9.17
87,Mombasa,75,KE,1579841116,94,-4.05,39.66,78.8,3.36
88,Srednekolymsk,99,RU,1579841035,98,67.45,153.68,-34.13,3.69
89,Padang,69,ID,1579840924,78,-0.95,100.35,80.11,1.16
90,Norman Wells,90,CA,1579841117,76,65.28,-126.83,-5.8,8.05
91,Ribeira Grande,30,PT,1579841117,71,38.52,-28.7,52.47,5.14
92,Inuvik,90,CA,1579840943,76,68.35,-133.72,-5.8,8.05
93,Port Macquarie,77,AU,1579840978,65,-31.43,152.92,85.93,1.16
95,Kiryat Gat,75,IL,1579840925,71,31.61,34.76,52.16,18.34
96,Bengkulu,21,ID,1579841008,80,-3.8,102.27,83.53,6.64
97,Shakawe,93,BW,1579841120,77,-18.37,21.85,72.59,3.0
98,Anadyr,75,RU,1579841094,76,64.75,177.48,-5.4,8.95
99,Belmonte,75,BR,1579841011,88,-15.86,-38.88,75.2,5.82
100,Portland,90,US,1579840826,87,45.52,-122.68,50.97,11.41
101,Mayumba,97,GA,1579841015,74,-3.43,10.66,82.99,2.08
102,Soverato Marina,20,IT,1579841122,81,38.69,16.55,50.0,13.87
103,Tiksi,0,RU,1579841081,84,71.69,128.87,-31.32,5.68
104,Dingle,35,PH,1579841028,79,11.0,122.67,81.91,11.74
105,Maridi,89,SS,1579841123,20,4.92,29.47,67.37,7.67
106,Dunedin,94,NZ,1579840999,71,-45.87,170.5,67.53,25.14
107,Kamiiso,20,JP,1579841124,72,41.82,140.65,32.0,23.04
108,Goderich,61,CA,1579841099,90,43.75,-81.72,32.7,10.98
110,Zambezi,98,ZM,1579841125,89,-13.54,23.1,67.84,3.85
111,Poum,68,NC,1579841125,74,-20.23,164.02,79.75,16.73
112,Toyooka,75,JP,1579841126,76,35.53,134.83,51.53,5.82
113,Nanortalik,100,GL,1579840950,94,60.14,-45.24,29.19,12.53
114,University Park,90,US,1579841126,93,25.75,-80.37,65.39,3.36
116,Karabanovo,97,RU,1579841127,92,56.32,38.7,23.43,9.95
117,Buala,0,SB,1579841075,65,-8.14,159.59,86.0,10.0
118,Coyhaique,61,CL,1579840948,50,-45.58,-72.07,53.6,2.24
119,Lalmohan,28,BD,1579841128,26,22.34,90.74,75.33,5.77
120,Samarai,92,PG,1579840982,82,-10.62,150.67,82.06,4.0
121,Hornepayne,100,CA,1579841129,94,49.21,-84.77,5.81,7.0
122,Alofi,27,NU,1579841024,88,-19.06,-169.92,80.6,14.99
123,Menongue,100,AO,1579840967,92,-14.66,17.69,65.41,1.36
124,Ulaangom,69,MN,1579841130,88,49.98,92.07,0.99,1.23
125,Cabatuan,35,PH,1579841130,79,10.88,122.49,81.91,11.74
126,Carnarvon,0,AU,1579841010,55,-24.87,113.63,89.6,18.34
127,Salalah,75,OM,1579840921,73,17.02,54.09,77.0,1.12
130,Lar,27,IN,1579841132,50,26.2,83.97,63.45,10.85
131,Lata,20,PT,1579841132,93,40.16,-8.33,45.97,8.05
132,Haines Junction,99,CA,1579841133,98,60.75,-137.51,-1.71,4.81
133,Okhotsk,48,RU,1579841025,83,59.38,143.3,-20.11,5.59
134,Vila Franca do Campo,20,PT,1579841133,81,37.72,-25.43,53.6,9.17
135,Muhafazat Lahij,100,YE,1579841134,81,13.17,44.58,71.44,4.9
136,Sao Joao da Barra,100,BR,1579840924,96,-21.64,-41.05,72.34,1.99
137,Cap Malheureux,75,MU,1579841134,88,-19.98,57.61,77.81,4.7
138,Cocobeach,40,GA,1579841135,88,1.0,9.58,82.4,4.7
139,Chui,0,UY,1579841036,86,-33.7,-53.46,66.49,6.35
140,Saint-Joseph,98,RE,1579841136,88,-21.37,55.62,77.11,9.17
141,Bluff,95,NZ,1579841008,44,-46.6,168.33,81.16,8.21
142,Bhimunipatnam,27,IN,1579841136,69,17.88,83.43,77.0,2.24
143,Turiacu,99,BR,1579841137,92,-1.66,-45.37,76.37,2.53
144,Rio Grande,0,BR,1579840915,80,-32.03,-52.1,70.59,11.77
145,Vaini,20,TO,1579841004,70,-21.2,-175.2,84.2,9.17
146,Saint-Philippe,100,RE,1579841015,88,-21.36,55.77,77.11,9.17
147,Ponta do Sol,20,PT,1579840930,58,32.67,-17.1,53.74,5.82
148,San Ignacio,8,BZ,1579841138,94,17.16,-89.07,68.85,4.7
149,Mnogovershinnyy,100,RU,1579841139,97,53.94,139.92,-4.41,5.7
150,Sao Filipe,0,CV,1579841139,77,14.9,-24.5,70.68,12.26
151,Labuhan,18,ID,1579841139,69,-6.88,112.21,87.31,4.68
152,Tabuk,0,PH,1579841140,62,17.42,121.44,82.04,2.8
153,Lebu,18,CL,1579840918,83,-37.62,-73.65,54.46,5.88
154,Krasnomayskiy,100,RU,1579841140,94,57.62,34.41,30.24,11.72
155,Puerto Ayora,23,EC,1579841141,29,-0.74,-90.35,73.99,9.4
156,Nikolskoye,75,RU,1579840931,93,59.7,30.79,35.56,13.42
157,Bambous Virieux,75,MU,1579841141,88,-20.34,57.76,77.99,4.7
158,Lagoa,99,PT,1579841077,61,39.05,-27.98,56.64,7.14
159,Cabedelo,40,BR,1579841057,83,-6.98,-34.83,80.6,4.7
160,Auki,8,SB,1579841142,74,-8.77,160.7,84.88,10.31
161,Zhangye,10,CN,1579841143,25,38.93,100.45,34.11,4.36
162,Pano Aqil,45,PK,1579841143,81,27.86,69.11,51.8,5.37
163,Ryotsu,90,JP,1579841143,81,38.08,138.43,45.37,2.24
164,Mahebourg,75,MU,1579841073,88,-20.41,57.7,78.03,4.7
165,Grand-Santi,86,GF,1579841144,87,4.25,-54.38,68.77,3.67
166,Neuquen,0,AR,1579841114,29,-38.95,-68.06,77.0,4.7
167,Winslow,1,US,1579841014,74,35.02,-110.7,34.18,1.36
168,Port Elizabeth,20,ZA,1579841145,93,-33.92,25.57,64.4,11.41
169,Banda Aceh,46,ID,1579841146,50,5.56,95.32,90.14,8.7
170,Cherskiy,8,RU,1579841050,96,68.75,161.3,-39.73,1.66
171,Khatanga,100,RU,1579841019,88,71.97,102.5,-26.16,8.3
172,Yarada,17,IN,1579841147,69,17.65,83.27,77.0,2.24
174,Husavik,90,IS,1579840906,50,66.04,-17.34,30.2,35.57
175,East London,20,ZA,1579840855,93,-33.02,27.91,66.2,8.05
176,Vestmannaeyjar,100,IS,1579841024,70,63.44,-20.27,36.27,25.01
177,George Town,20,MY,1579840979,52,5.41,100.34,90.12,5.82
178,Oodweyne,100,SO,1579841149,48,9.41,45.06,71.74,1.59
179,Kampene,100,CD,1579841149,76,-3.6,26.67,75.34,0.72
180,Salamiyah,97,SY,1579841149,71,35.01,37.05,39.78,20.76
181,Coronado,20,US,1579840891,93,32.69,-117.18,54.81,9.17
182,Merauke,46,ID,1579841036,61,-8.47,140.33,87.37,9.22
183,Bilibino,12,RU,1579841151,99,68.05,166.44,-35.73,1.97
184,Muisne,86,EC,1579841151,90,0.6,-80.03,76.12,4.83
185,Luderitz,0,NA,1579841121,93,-26.65,15.16,62.6,2.24
186,Ilulissat,100,GL,1579841007,60,69.22,-51.1,10.4,12.75
187,Nar'yan-Mar,84,RU,1579841080,96,67.67,53.09,2.28,6.73
188,Henties Bay,0,NA,1579841152,94,-22.12,14.28,63.0,2.55
190,Yellowknife,90,CA,1579840844,84,62.46,-114.35,3.11,11.41
191,Durango,0,MX,1579840947,58,24.83,-104.83,46.15,1.19
192,Rockport,1,US,1579841155,87,28.02,-97.05,58.12,8.05
193,Nishihara,40,JP,1579841071,78,26.18,127.76,75.61,3.36
194,Ugoofaaru,56,MV,1579840931,79,5.67,73.0,83.14,23.87
196,Nabire,36,ID,1579841053,77,-3.37,135.48,83.16,4.38
197,Batagay-Alyta,0,RU,1579841156,65,67.8,130.41,-34.46,2.82
198,Onalaska,90,US,1579841157,100,43.88,-91.24,30.47,6.93
199,Rio Gallegos,54,AR,1579841157,70,-51.62,-69.22,44.6,12.75
200,Shingu,75,JP,1579840961,71,33.73,135.98,55.4,11.41
201,Arraial do Cabo,100,BR,1579841158,92,-22.97,-42.03,70.11,3.83
202,Beitbridge,29,ZW,1579841158,66,-22.22,30.0,76.12,18.61
203,Port Shepstone,24,ZA,1579841065,77,-30.74,30.45,71.04,9.78
204,Hong Kong,40,HK,1579840912,65,22.29,114.16,75.85,11.41
205,Petropavlovsk-Kamchatsky,0,RU,1579841159,40,53.05,158.65,14.0,2.24
206,Constitucion,63,CL,1579841033,78,-35.33,-72.42,57.56,1.07
207,Kavaratti,20,IN,1579841002,74,10.57,72.64,84.2,4.7
208,Imbituba,75,BR,1579841160,100,-28.24,-48.67,68.0,11.41
209,Moose Factory,90,CA,1579841161,84,51.26,-80.61,8.6,3.0
211,Opuwo,99,NA,1579841162,39,-18.06,13.84,71.11,3.98
212,Taree,66,AU,1579841162,65,-31.9,152.47,83.16,6.58
213,Alexander City,90,US,1579841162,100,32.94,-85.95,47.86,3.36
214,Xapuri,100,BR,1579841163,81,-10.65,-68.5,76.39,0.63
215,Kikwit,95,CD,1579841163,73,-5.04,18.82,74.23,0.25
216,Zhifang,40,CN,1579841163,93,30.35,114.32,44.6,6.71
217,Black Diamond,90,US,1579841164,100,47.31,-122.0,49.98,5.82
218,Buraidah,0,SA,1579840900,80,26.33,43.98,33.8,2.24
219,Havre-Saint-Pierre,75,CA,1579841043,68,50.23,-63.6,26.6,12.75
220,Goundi,60,TD,1579841165,18,9.36,17.37,58.44,4.7
221,Fare,0,PF,1579841165,74,-16.7,-151.02,83.12,10.74
222,Damghan,0,IR,1579841166,79,36.17,54.35,33.51,3.09
223,Adrar,100,MR,1579841166,22,20.5,-10.07,66.69,9.69
224,Gander,90,CA,1579841167,86,48.97,-54.59,28.2,18.34
225,Camacha,40,PT,1579841107,71,33.08,-16.33,57.2,11.41
227,Viedma,0,AR,1579841168,80,-40.81,-63.0,67.05,9.28
228,Hirado,75,JP,1579841168,72,33.36,129.55,59.92,9.17
229,Cayenne,29,GF,1579841168,94,4.93,-52.33,69.8,4.34
230,Praia,0,CV,1579841169,46,14.92,-23.51,73.4,9.17
231,Baruun-Urt,0,MN,1579841169,75,46.68,113.28,8.67,13.4
232,Kulunda,100,RU,1579841169,79,52.57,78.94,31.68,20.04
233,Hohhot,6,CN,1579841170,57,40.81,111.65,21.2,2.24
234,Irpa Irpa,75,BO,1579841170,55,-17.72,-66.27,66.2,9.17
235,Mountain Home,1,US,1579841170,100,43.13,-115.69,40.78,13.87
236,Wasilla,20,US,1579841171,83,61.58,-149.44,-0.78,4.7
237,Gaiceana,0,RO,1579841171,85,46.33,27.22,21.13,4.7
238,Aklavik,90,CA,1579840925,76,68.22,-135.01,-5.8,8.05
239,Touros,75,BR,1579841172,94,-5.2,-35.46,77.0,2.24
240,Lompoc,1,US,1579841052,93,34.64,-120.46,53.04,10.36
241,Fukuecho,75,JP,1579841173,67,32.69,128.84,60.01,12.75
243,Bollnaes,52,SE,1579841173,81,61.35,16.39,32.47,3.18
245,Esim,19,GH,1579841174,95,4.87,-2.24,77.02,1.97
246,Leningradskiy,0,RU,1579841038,86,69.38,178.42,-26.93,2.93
249,Virginia Beach,1,US,1579841067,93,36.85,-75.98,41.23,10.29
250,Kyra,0,RU,1579841176,74,49.58,111.98,3.74,2.66
251,Nizwa,4,OM,1579841176,56,22.93,57.53,62.65,3.71
252,Shelburne,90,CA,1579840877,85,44.08,-80.2,30.33,11.41
253,Mar del Plata,53,AR,1579841027,83,-38.0,-57.56,72.32,8.05
254,Aleksandrovsk-Sakhalinskiy,100,RU,1579841177,93,50.9,142.16,7.0,15.97
255,Villazon,28,BO,1579841020,80,-22.09,-65.59,50.94,7.87
256,Ankazoabo,42,MG,1579841178,58,-22.28,44.52,80.19,3.18
257,Aswan,0,EG,1579841004,56,24.09,32.91,49.68,8.01
258,Grindavik,75,IS,1579841087,67,63.84,-22.43,32.76,27.51
259,Katsuura,75,JP,1579840969,76,35.13,140.3,54.73,2.24
260,Chumikan,100,RU,1579841179,83,54.72,135.31,-3.42,8.93
261,Waddan,0,LY,1579841180,53,29.16,16.14,48.56,6.53
262,Ayacucho,87,PE,1579841034,91,-13.16,-74.22,44.35,2.24
263,Ruwi,40,OM,1579841180,53,23.6,58.55,73.4,9.17
264,Krasnopavlivka,12,UA,1579841181,67,49.14,36.33,25.54,8.19
265,Agirish,48,RU,1579841063,92,61.92,63.02,4.69,6.58
266,Les Cayes,17,HT,1579841181,73,18.2,-73.75,76.17,8.23
267,Mayahi,0,NE,1579841182,15,13.96,7.67,61.99,15.12
268,Saldanha,0,ZA,1579841052,88,-33.01,17.94,64.4,5.82
269,Rawson,100,AR,1579841109,48,-43.3,-65.1,64.44,21.74
270,Kieta,84,PG,1579841183,71,-6.22,155.63,84.25,3.87
271,Yulara,0,AU,1579841009,20,-25.24,130.99,93.2,12.75
272,Tezu,93,IN,1579841184,47,27.92,96.17,63.61,4.36
273,Goure,0,NE,1579841184,21,13.98,10.27,62.01,7.0
274,Yambio,83,SS,1579841184,20,4.57,28.4,67.1,8.7
275,Sirjan,0,IR,1579841185,73,29.45,55.68,42.31,8.21
276,Alghero,0,IT,1579841185,93,40.56,8.32,47.55,3.36
277,Beringovskiy,100,RU,1579841052,96,63.05,179.32,-1.21,8.55
278,Calabar,66,NG,1579841186,77,4.95,8.32,74.23,2.17
279,Carora,79,VE,1579841186,88,10.18,-70.08,69.98,1.92
280,Codrington,100,AU,1579841186,77,-38.27,141.97,63.43,23.51
281,Coquimbo,100,CL,1579841054,63,-29.95,-71.34,66.2,2.24
282,Laguna,90,US,1579841082,93,38.42,-121.42,51.4,6.93
283,Pacific Grove,1,US,1579841172,81,36.62,-121.92,53.22,4.7
284,Yenagoa,79,NG,1579841188,97,4.92,6.26,72.61,3.62
285,Taksimo,46,RU,1579840960,90,56.34,114.88,-11.18,2.35
286,Esperance,90,AU,1579841045,64,-33.87,121.9,73.4,11.41
287,Grand Falls,75,CA,1579841189,79,47.05,-67.74,27.59,3.83
288,Jadu,0,LY,1579841189,35,31.95,12.03,52.72,15.46
289,Guerrero Negro,0,MX,1579841190,70,27.98,-114.06,62.15,5.61
290,Mattru,62,SL,1579841115,89,7.62,-11.83,73.38,2.57
291,Zihuatanejo,97,MX,1579840975,69,17.63,-101.55,79.57,6.33
292,Isangel,75,VU,1579840899,62,-19.55,169.27,86.0,13.87
293,Kodiak,75,US,1579841034,57,57.79,-152.41,17.6,17.22
294,Pevek,95,RU,1579841061,99,69.7,170.31,-28.8,6.91
295,Puerto Carreno,53,CO,1579841193,58,6.19,-67.49,81.09,4.79
296,Huntingdon,90,GB,1579840898,100,52.33,-0.19,41.97,5.82
297,Fortuna,90,US,1579840877,71,40.6,-124.16,55.44,8.05
298,Aksu,0,CN,1579841194,56,41.12,80.26,29.03,2.3
299,Somogyvar,90,HU,1579841195,100,46.58,17.66,28.4,5.82
300,Mahon,7,ES,1579841195,93,39.89,4.27,51.8,4.7
301,Sovetskiy,58,RU,1579841195,93,61.36,63.58,4.95,4.83
302,Kondoa,98,TZ,1579841196,86,-4.9,35.78,68.5,4.25
303,Cam Ranh,86,VN,1579841124,62,11.92,109.16,87.8,11.41
304,Makakilo City,1,US,1579841082,57,21.35,-158.09,75.0,4.7
305,Bintulu,75,MY,1579841197,83,3.17,113.03,82.26,4.7
306,Pangnirtung,100,CA,1579841067,99,66.15,-65.71,-33.59,3.78
307,Maceio,100,BR,1579840945,83,-9.67,-35.74,77.0,4.7
308,Narsaq,100,GL,1579840968,85,60.92,-46.05,24.8,10.29
309,Coolum Beach,93,AU,1579841198,79,-26.53,153.1,85.01,1.01
310,Gravdal,40,NO,1579841198,64,68.12,13.5,33.8,8.05
311,Tiarei,40,PF,1579841199,70,-17.53,-149.33,83.14,9.17
312,Jiwani,0,PK,1579841199,60,25.05,61.74,70.95,7.25
313,Jumla,0,NP,1579841200,95,29.27,82.18,55.99,1.01
314,Nhulunbuy,75,AU,1579841073,74,-12.23,136.77,87.8,10.29
315,Olavarria,4,AR,1579841187,80,-36.89,-60.32,75.0,1.01
316,Halifax,75,CA,1579841201,100,44.65,-63.57,29.01,8.05
317,Jiutai,0,CN,1579841201,33,44.15,125.83,14.0,5.06
318,Verkhoyansk,46,RU,1579840997,91,67.54,133.38,-42.41,2.06
319,Chitungwiza,40,ZW,1579841202,93,-18.01,31.08,60.8,5.23
321,Iqaluit,5,CA,1579841076,67,63.75,-68.51,-27.2,19.46
322,Store Heddinge,100,DK,1579841203,93,55.31,12.39,42.12,12.75
323,Dolores,6,AR,1579841074,84,-36.31,-57.68,68.77,9.48
324,Monrovia,20,LR,1579841118,94,6.3,-10.8,77.0,5.14
325,Tual,5,ID,1579841204,76,-5.67,132.75,83.8,13.8
326,Mersa Matruh,1,EG,1579841204,62,31.35,27.25,58.33,23.38
327,Katherine,75,AU,1579841204,47,-14.47,132.27,95.0,8.05
328,Talnakh,40,RU,1579840961,77,69.49,88.4,5.0,20.13
329,Tornio,64,FI,1579841205,92,65.85,24.13,28.4,4.7
330,Jiuquan,2,CN,1579841205,41,39.74,98.52,23.14,3.11
331,Vila,44,PT,1579841013,75,42.03,-8.16,46.49,4.7
332,Dormidontovka,56,RU,1579841206,78,47.77,134.91,-0.04,15.99
333,Kargasok,76,RU,1579841207,82,59.06,80.86,25.32,13.24
334,Kotagiri,40,IN,1579841207,73,11.43,76.88,75.2,6.93
335,Araguari,92,BR,1579841207,97,-18.65,-48.19,68.32,6.64
336,Hostotipaquillo,55,MX,1579841208,88,21.07,-104.07,55.24,1.63
337,Clyde River,90,CA,1579841208,75,70.47,-68.59,-14.8,23.04
338,Shulan,0,CN,1579841208,82,44.42,126.95,4.64,6.35
339,Lokosovo,100,RU,1579841209,90,61.13,74.82,20.62,11.99
340,Hailey,5,US,1579841022,86,43.52,-114.32,23.52,8.05
342,Najran,40,SA,1579841210,66,17.49,44.13,48.2,6.93
343,Bulungu,39,CD,1579841210,74,-4.55,18.6,74.32,0.63
344,South Lake Tahoe,90,US,1579841210,75,38.93,-119.98,39.96,4.7
345,Floro,73,NO,1579841211,75,61.6,5.03,39.27,18.34
347,Benjamin Hill,0,MX,1579841165,71,30.17,-111.1,57.0,3.0
348,Comodoro Rivadavia,47,AR,1579840950,39,-45.87,-67.5,62.6,18.34
349,Dunmore Town,0,BS,1579841212,78,25.5,-76.65,71.74,18.19
350,Maracacume,100,BR,1579841213,98,-2.04,-45.96,73.31,1.77
351,Kota Tinggi,40,MY,1579841213,66,1.74,103.9,87.48,10.29
352,Bilma,24,NE,1579840997,17,18.69,12.92,56.84,8.9
353,Rocha,0,UY,1579841014,96,-34.48,-54.33,61.63,6.4
354,Port Lincoln,26,AU,1579840940,50,-34.73,135.87,73.65,13.44
355,Visby,100,SE,1579841214,87,57.64,18.3,43.56,13.87
356,Guilin,90,CN,1579841100,87,25.28,110.29,50.0,2.24
358,Calama,75,CL,1579841215,77,-22.47,-68.93,59.0,12.75
359,Leer,7,SS,1579841216,13,8.3,30.14,67.46,11.68
360,Umarga,4,IN,1579841216,32,17.83,76.62,81.0,7.74
361,Kupang,40,ID,1579841216,89,-10.17,123.58,84.2,11.41
362,Veraval,36,IN,1579841217,28,20.9,70.37,83.43,9.42
363,Inhambane,96,MZ,1579841040,73,-23.86,35.38,78.31,14.34
364,Waingapu,28,ID,1579841217,69,-9.66,120.26,84.22,7.47
365,Saint-Augustin,74,CA,1579840983,74,51.23,-58.65,20.19,20.02
366,Cidreira,36,BR,1579841050,74,-30.18,-50.21,73.83,17.36
367,Belyy Yar,100,RU,1579841218,68,53.6,91.39,26.6,6.71
368,Rengo,100,CL,1579841219,64,-34.42,-70.87,69.8,3.36
369,Fort-Shevchenko,91,KZ,1579841219,75,44.51,50.26,30.18,21.23
370,Bethel,5,US,1579841017,79,41.37,-73.41,31.21,1.19
371,Mahon,7,ES,1579841195,93,39.89,4.27,51.8,4.7
372,Jalu,2,LY,1579841220,86,29.03,21.55,49.19,6.91
373,San Andres,40,CO,1579841221,69,12.58,-81.7,78.8,6.93
374,Ciudad Lazaro Cardenas,97,MX,1579841221,80,17.96,-102.2,73.47,2.71
375,Znamenskoye,100,RU,1579841221,91,57.13,73.83,18.05,6.89
376,Cacapava,75,BR,1579841168,93,-23.1,-45.71,66.2,2.24
377,Arlit,50,NE,1579841222,17,18.74,7.39,61.47,5.61
378,Rexburg,90,US,1579841222,100,43.83,-111.79,28.44,3.36
379,Gornopravdinsk,100,RU,1579841223,92,60.05,69.9,15.94,9.69
380,Provideniya,90,RU,1579840928,70,64.38,-173.3,-0.4,4.47
381,Pandan,99,PH,1579841052,83,14.05,124.17,80.31,18.03
382,Novonukutskiy,70,RU,1579841224,83,53.7,102.71,12.15,6.82
383,Kruisfontein,0,ZA,1579840948,71,-34.0,24.73,68.27,9.28
384,Balod,72,IN,1579841225,27,20.73,81.2,81.28,3.91
385,Mossamedes,98,AO,1579841063,76,-15.2,12.15,74.05,7.43
386,Omsukchan,90,RU,1579841121,100,62.53,155.8,-39.37,4.32
387,Broome,1,US,1579841023,63,42.25,-75.83,27.12,4.7
388,Sinnamary,60,GF,1579841025,79,5.38,-52.95,78.33,13.8
389,Diffa,0,NE,1579841226,33,13.32,12.61,60.78,11.7
391,Souillac,75,MU,1579841021,88,-20.52,57.52,78.04,4.7
392,Makrinitsa,20,GR,1579841227,80,39.4,22.98,36.23,6.93
393,Basco,52,PH,1579841228,75,20.45,121.97,77.9,19.71
394,Healdsburg,1,US,1579841228,100,38.61,-122.87,49.48,3.36
395,Leh,5,IN,1579841228,58,34.17,77.58,-5.57,2.26
397,Yucca Valley,40,US,1579841042,37,34.11,-116.43,52.52,10.29
398,Saint-Pierre,98,RE,1579841005,88,-21.34,55.48,77.2,9.17
399,Nagorsk,100,RU,1579841230,92,59.32,50.81,13.14,8.61
400,Ila,75,NO,1579841230,68,63.43,10.37,34.09,32.21
401,Ilo,98,PE,1579841230,92,-17.64,-71.34,71.37,5.7
402,Mudgee,75,AU,1579841231,58,-32.59,149.59,85.35,9.17
403,Gemeente Wageningen,90,NL,1579841231,100,51.97,5.67,35.26,8.05
404,Zhigansk,18,RU,1579841232,96,66.77,123.37,-37.62,6.96
406,Vetluga,100,RU,1579841232,93,57.86,45.78,15.1,6.93
407,Kottingbrunn,75,AT,1579841233,92,47.95,16.24,28.92,10.29
408,Kiama,90,AU,1579841233,65,-34.68,150.87,76.08,14.99
410,Assiut,0,EG,1579841234,76,27.18,31.18,45.05,10.36
412,Spornoye,75,RU,1579841234,73,50.84,37.29,19.4,8.95
413,Ballina,96,AU,1579841235,66,-28.87,153.57,92.1,17.22
414,Lavrentiya,14,RU,1579840995,82,65.58,-171.0,-16.94,2.33
415,Shache,9,CN,1579841235,80,38.42,77.24,34.0,7.02
416,Maku,99,IR,1579841236,81,39.29,44.45,20.62,3.62
418,Umm Kaddadah,18,SD,1579841236,24,13.6,26.69,50.45,17.56
419,Portree,100,GB,1579840947,89,57.41,-6.19,43.36,3.0
420,Madera,1,US,1579841237,100,37.17,-119.83,50.72,5.77
421,Suhbaatar,0,MN,1579841238,79,50.23,106.21,2.39,3.74
422,Half Moon Bay,75,US,1579841238,93,37.46,-122.43,52.65,3.36
423,Ulladulla,90,AU,1579841238,65,-35.35,150.47,78.69,14.99
425,Emilio Carranza,100,MX,1579841239,83,19.97,-96.61,70.05,7.38
426,Anajatuba,99,BR,1579841239,98,-3.26,-44.62,73.54,2.26
427,Mae Sai,26,TH,1579841240,25,20.43,99.88,80.85,3.38
428,Xining,100,CN,1579841240,54,36.62,101.77,25.32,2.17
429,Shevchenkove,1,UA,1579841240,73,49.7,37.17,21.2,6.71
430,Antalaha,100,MG,1579841241,74,-14.9,50.28,82.35,3.29
431,Domoni,76,KM,1579841241,72,-12.26,44.53,83.71,12.62
433,Moron,1,AR,1579841242,94,-34.65,-58.62,75.54,3.36
434,Port Alberni,90,CA,1579841242,100,49.24,-124.8,47.25,6.93
436,Longyearbyen,20,SJ,1579841028,71,78.22,15.64,5.0,46.08
437,Celestun,83,MX,1579841243,77,20.87,-90.4,71.65,15.55
438,Ahipara,4,NZ,1579841115,86,-35.17,173.17,69.82,10.4
439,Zonguldak,100,TR,1579841244,96,41.25,31.83,24.89,2.55
441,Chokurdakh,5,RU,1579841009,92,70.63,147.92,-33.43,7.05
443,Ivaipora,40,BR,1579841165,82,-24.25,-51.68,63.19,6.31
444,Namatanai,6,PG,1579841092,72,-3.67,152.43,85.26,12.37
445,Lexington,90,US,1579840996,93,37.99,-84.48,40.87,3.36
446,Butembo,100,CD,1579841246,40,0.15,29.28,72.05,1.92
447,Washington,90,US,1579841182,93,47.5,-120.5,33.94,0.54
448,Kaeo,3,NZ,1579841100,59,-35.1,173.78,78.08,7.0
449,Tsimmerbude,90,RU,1579841247,93,54.67,20.13,41.0,20.13
450,Jining,100,CN,1579841248,44,35.41,116.58,46.8,8.97
451,Qandala,98,SO,1579841248,77,11.47,49.87,75.52,3.69
452,Lazarev,100,RU,1579841248,92,52.23,141.51,0.32,13.73
453,Lorengau,3,PG,1579840987,69,-2.02,147.27,84.33,8.48
454,Mporokoso,100,ZM,1579841249,97,-9.37,30.12,64.89,5.32
455,Kilindoni,99,TZ,1579841249,81,-7.91,39.67,81.0,3.87
456,Ternate,28,ID,1579841250,69,0.8,127.4,83.82,7.16
457,Carlton,90,US,1579841250,100,45.29,-123.18,51.26,4.7
458,Mingguang,100,CN,1579841250,67,32.78,117.96,48.56,13.56
459,Thinadhoo,21,MV,1579841154,79,0.53,72.93,84.15,14.09
460,Cartagena del Chaira,100,CO,1579841251,95,1.33,-74.84,73.42,2.17
461,Syracuse,75,IT,1579841252,100,37.09,15.28,46.54,4.7
463,Vostok,100,RU,1579841252,96,46.49,135.88,-5.44,16.31
465,Abengourou,5,CI,1579841253,99,6.73,-3.5,71.24,0.38
466,Nelson Bay,40,AU,1579841253,65,-32.72,152.15,81.27,17.22
467,Santa Isabel do Rio Negro,3,BR,1579841254,89,-0.41,-65.02,74.52,0.89
468,Dubreka,83,GN,1579841254,54,9.79,-13.52,72.36,4.32
469,Upernavik,0,GL,1579840928,59,72.79,-56.15,-9.0,5.32
470,Anchorage,1,US,1579840994,84,61.22,-149.9,-0.06,1.39
471,Kahului,40,US,1579840961,69,20.89,-156.47,72.32,4.7
472,Nantucket,1,US,1579841256,93,41.28,-70.1,34.18,7.94
473,Sao Francisco de Assis,0,BR,1579841257,93,-29.55,-55.13,62.8,8.59
474,Taltal,10,CL,1579841085,81,-25.4,-70.48,66.54,3.58
475,Faya,75,SA,1579840985,93,18.39,42.45,50.0,9.17
476,Fernie,75,CA,1579841258,100,49.5,-115.07,32.52,4.97
477,Sayyan,84,YE,1579841258,68,15.17,44.32,55.4,2.57
478,Sabang,56,ID,1579841258,77,5.89,95.32,82.89,18.52
479,Davila,20,PH,1579841259,62,18.47,120.58,84.2,4.7
481,Ambilobe,100,MG,1579841063,85,-13.2,49.05,81.01,9.93
482,Varzelandia,100,BR,1579841260,99,-15.7,-44.03,67.71,8.16
483,Santa Maria,0,BR,1579841078,98,-29.68,-53.81,60.67,5.01
484,Kazanskaya,91,RU,1579841261,88,45.41,40.44,28.04,13.87
485,Beloha,3,MG,1579841119,52,-25.17,45.05,79.72,13.71
486,Koyelga,55,RU,1579841261,83,54.65,60.9,13.32,7.7
487,Kawambwa,100,ZM,1579841262,94,-9.79,29.08,68.23,4.09
488,Sibolga,66,ID,1579841123,47,1.74,98.78,91.9,2.46
490,Cartagena,20,CO,1579840993,88,10.4,-75.51,78.8,5.82
491,Taebla,90,EE,1579841263,93,58.95,23.74,40.87,8.05
492,Alta Floresta,100,BR,1579841263,99,-9.88,-56.09,71.04,3.8
493,Joshimath,0,IN,1579841264,36,30.57,79.57,44.64,3.42
494,Honningsvag,75,NO,1579841078,79,70.98,25.97,21.2,17.22
495,Challapata,100,BO,1579841264,76,-18.9,-66.77,52.39,8.25
496,Talgar,2,KZ,1579841265,92,43.3,77.24,21.2,4.47
497,Juneau,90,US,1579841098,86,58.3,-134.42,38.44,17.22
498,Skibbereen,90,IE,1579841101,100,51.55,-9.27,41.0,4.7
499,Erzin,0,TR,1579841266,33,36.96,36.2,43.36,24.16
501,Yershichi,100,RU,1579841266,93,53.67,32.75,29.16,12.35
502,Borisoglebskiy,100,RU,1579841267,85,57.26,39.15,15.8,6.71
503,Airai,54,TL,1579841054,76,-8.93,125.41,76.51,2.64
504,Nome,1,US,1579841122,63,64.5,-165.41,-7.71,4.7
505,Rybinsk,100,RU,1579841268,93,58.04,38.84,24.31,12.17
507,Muli,100,MV,1579841269,84,2.92,73.57,82.56,18.05
508,Simbahan,12,PH,1579841269,82,6.3,120.58,81.48,12.91
509,Mabaruma,19,GY,1579841115,99,8.2,-59.78,68.05,1.72
510,Igarka,100,RU,1579841119,90,67.47,86.58,2.05,15.26
511,Kluang,40,MY,1579841270,66,2.03,103.33,87.42,10.29
512,Turukhansk,100,RU,1579841270,88,65.82,87.98,6.22,14.72
513,Kamina,100,CD,1579841271,92,-8.74,24.99,69.53,0.38
514,Metro,99,ID,1579841196,68,-5.11,105.31,88.41,8.72
515,Dongning,0,CN,1579841271,58,44.06,131.12,11.88,12.64
516,Leninogorsk,97,RU,1579841272,98,54.6,52.46,6.96,8.16
517,Pisco,90,PE,1579841009,78,-13.7,-76.22,76.1,2.24
519,Scarborough,69,GB,1579841273,87,54.28,-0.4,40.96,4.7
520,Bayir,0,TR,1579841273,35,37.27,28.22,41.0,13.87
521,Quirinopolis,71,BR,1579841273,96,-18.45,-50.45,69.8,6.62
522,Deputatsky,43,RU,1579841103,97,69.3,139.9,-33.68,2.53
524,Amarante do Maranhao,89,BR,1579841275,98,-5.57,-46.74,70.29,2.91
525,Te Anau,99,NZ,1579841275,80,-45.42,167.72,61.99,6.64
526,Santa Vitoria do Palmar,0,BR,1579841197,86,-33.52,-53.37,66.49,6.35
527,Juan de Ayolas,0,PY,1579841276,75,-27.4,-56.9,69.91,7.27
528,Kayes,100,ML,1579841276,22,14.0,-11.0,79.92,5.55
529,Mangai,99,CD,1579841276,72,-4.05,19.53,73.94,0.4
530,Cabo San Lucas,20,MX,1579841277,82,22.89,-109.91,65.05,6.93
531,Lianzhou,95,CN,1579841277,80,24.78,112.38,54.09,5.64
532,La Reforma,5,MX,1579841277,100,25.08,-108.05,60.85,6.08
533,Lucapa,100,AO,1579841278,93,-8.42,20.74,69.64,2.01
534,Necochea,70,AR,1579841056,74,-38.55,-58.74,74.55,7.0
535,Yumen,42,CN,1579841279,51,40.28,97.2,25.59,4.29
537,Maragogi,100,BR,1579840980,80,-9.01,-35.22,81.34,13.09
538,Freetown,40,SL,1579841280,78,8.48,-13.23,77.0,9.17
539,Tinyahuarco,95,PE,1579841280,96,-10.75,-76.3,35.51,4.21
540,Tilichiki,100,RU,1579841202,96,60.47,166.1,-15.03,13.71
541,Qasigiannguit,100,GL,1579841067,60,68.82,-51.19,10.4,12.75
542,Yeppoon,75,AU,1579841113,88,-23.13,150.73,80.6,2.24
543,Kirakira,44,SB,1579841013,83,-10.45,161.92,80.13,4.92
544,Monforte de Lemos,63,ES,1579841282,88,42.52,-7.51,36.43,5.01
545,Den Helder,90,NL,1579841282,100,52.96,4.76,37.31,11.41
546,Talaya,100,RU,1579841012,100,61.38,152.75,-34.69,1.66
547,Cururupu,100,BR,1579841283,98,-1.83,-44.87,74.26,1.48
548,Kitimat,90,CA,1579841120,93,54.05,-128.65,33.82,2.24
549,Yar-Sale,97,RU,1579841041,96,66.83,70.83,7.3,7.38
550,Alpena,90,US,1579841284,80,45.06,-83.43,33.6,6.93
551,Bonito,37,BR,1579841284,94,-21.12,-56.48,69.26,5.77
552,Russell,90,US,1579840935,93,32.35,-85.2,48.97,4.7
553,Young,0,UY,1579841285,67,-32.68,-57.63,73.99,1.01
554,Adet,28,ET,1579841285,42,11.26,37.49,63.79,3.8
555,Greece,1,US,1579841286,74,43.21,-77.69,30.78,2.1
556,Nsanje,39,MW,1579841286,91,-16.92,35.26,75.02,3.8
557,Shahgarh,1,IN,1579841287,28,24.32,79.13,66.97,7.81
558,Lagunas,100,PE,1579841287,96,-5.23,-75.68,75.11,1.7
559,Key West,1,US,1579841152,88,24.56,-81.78,66.15,5.82
560,Dondo,70,MZ,1579841288,83,-19.61,34.74,77.65,4.45
561,Sitka,90,US,1579841043,93,57.05,-135.33,36.72,3.36
563,Dicabisagan,69,PH,1579841289,83,17.08,122.42,77.54,8.39
564,Kabalo,99,CD,1579841289,94,-6.05,26.92,72.9,2.59
565,Doctor Juan Leon Mallorquin,6,PY,1579841290,96,-25.4,-55.27,64.35,3.22
566,Hay River,90,CA,1579841290,85,60.82,-115.8,14.0,12.75
567,Sampit,91,ID,1579841290,52,-2.53,112.95,94.17,0.47
568,Chernoyerkovskaya,75,RU,1579841291,63,45.43,37.77,32.0,6.71
569,Tias,0,ES,1579841291,76,28.96,-13.64,56.19,6.93
570,Maniitsoq,100,GL,1579841024,79,65.42,-52.9,22.17,37.36
571,Mahibadhoo,80,MV,1579841292,83,3.78,72.97,82.85,21.85
572,Nizhneudinsk,100,RU,1579841292,84,54.91,99.03,22.3,4.34
573,Ola,0,RU,1579841158,71,59.58,151.28,-17.79,6.96
574,Stromness,100,GB,1579841293,81,58.97,-3.3,41.97,13.87
575,Morant Bay,20,JM,1579841293,73,17.88,-76.41,68.58,10.29
577,Stephenville,1,US,1579841294,61,32.22,-98.2,42.28,3.36
578,Kurilsk,99,RU,1579841294,86,45.23,147.88,25.99,30.18
579,Machado,100,BR,1579841294,99,-21.67,-45.92,66.24,1.39
580,Smoky Lake,97,CA,1579841295,93,54.12,-112.47,19.99,1.99
581,Arica,90,CL,1579841295,83,-18.48,-70.3,71.76,4.7
582,Shimoda,75,JP,1579840987,82,34.67,138.95,54.99,9.17
583,Douentza,84,ML,1579841296,16,15.0,-2.95,63.73,3.6
584,Arrondissement de Bayonne,100,FR,1579841296,76,43.33,-1.42,47.93,3.36
585,Ketchikan,90,US,1579841047,93,55.34,-131.65,45.46,23.04
586,Presidencia Roque Saenz Pena,0,AR,1579841297,81,-26.79,-60.44,69.13,3.94
587,Nacala,100,MZ,1579841297,79,-14.54,40.67,78.78,8.1
588,Maple Creek,64,CA,1579841298,77,49.92,-109.48,32.18,17.34
589,Camiri,94,BO,1579841298,67,-20.05,-63.52,68.41,2.21
590,Mali,99,GN,1579841298,22,12.08,-12.3,77.38,6.33
591,Susanville,75,US,1579841270,99,40.42,-120.65,36.0,3.02
592,Rieti,0,IT,1579841299,88,42.41,12.86,36.32,2.64
593,Portobelo,40,PA,1579841014,83,9.55,-79.65,76.78,2.24
594,Maningrida,100,AU,1579841300,83,-12.07,134.27,82.99,17.49
595,Bathsheba,75,BB,1579841078,88,13.22,-59.52,77.0,18.34
596,Chake Chake,100,TZ,1579841300,87,-5.25,39.77,82.35,14.09
597,Mwinilunga,100,ZM,1579841301,96,-11.74,24.43,64.45,5.1
598,Inverness,75,GB,1579841014,87,57.48,-4.22,44.19,13.87
599,Harper,45,LR,1579840920,96,4.38,-7.72,76.37,3.11
600,Hervey Bay,90,AU,1579841131,70,-25.3,152.85,83.61,14.99
601,Kloulklubed,75,PW,1579841048,79,7.04,134.26,84.2,12.75
602,Impfondo,35,CG,1579841302,35,1.64,18.07,68.18,3.78
603,Jiangyou,100,CN,1579841303,70,31.77,104.72,41.58,2.55
604,Avanuorri,75,NO,1579841303,92,71.0,24.66,28.38,19.46
605,Natchitoches,1,US,1579841304,100,31.77,-93.13,42.71,3.98
606,Acari,98,PE,1579841288,88,-15.43,-74.62,67.1,2.75
607,Itarema,100,BR,1579841304,95,-2.92,-39.92,75.25,3.51
608,Kranuan,66,TH,1579841305,28,16.71,103.08,96.15,8.99
610,Sinegorskiy,50,RU,1579841305,75,48.01,40.84,24.04,11.16
612,Mana,71,GF,1579841306,98,5.66,-53.78,68.22,1.81
613,Marawi,63,PH,1579841107,87,8.0,124.29,81.0,8.99
614,La Baule-Escoublac,40,FR,1579841307,73,47.29,-2.36,33.93,6.93
615,Zhezkazgan,90,KZ,1579841307,92,47.8,67.71,15.8,4.47
616,Klaksvik,79,FO,1579841086,74,62.23,-6.59,37.4,29.97
617,Perth,0,AU,1579841029,29,-31.93,115.83,88.9,5.82
619,Arima,20,TT,1579841308,88,10.63,-61.28,73.42,7.99
620,Vanimo,84,PG,1579841068,72,-2.67,141.3,84.0,8.77
621,Margate,75,GB,1579840845,100,51.38,1.39,42.35,1.95
622,Buchanan,20,LR,1579841012,94,5.88,-10.05,77.0,2.55
623,Sorong,35,ID,1579841310,56,-0.88,131.25,89.33,5.77
624,Saint-Esteve,97,FR,1579841310,93,42.71,2.84,41.61,2.24
625,Departamento de Maldonado,0,UY,1579841310,73,-34.67,-54.92,69.8,11.41
626,Ibra,0,OM,1579841237,61,22.69,58.53,67.24,2.3
627,Alekseyevsk,88,RU,1579841311,92,57.84,108.35,4.98,6.24
628,Turan,20,VN,1579841015,62,16.07,108.22,84.2,4.7
629,Atasu,100,KZ,1579841111,76,48.68,71.64,28.62,14.9
630,Luwuk,0,ID,1579841312,79,-0.95,122.79,82.85,15.86
631,Weligama,0,LK,1579841313,52,5.97,80.42,90.0,9.62
632,Tamale,35,GH,1579841313,12,9.4,-0.84,72.55,10.78
633,Gboko,53,NG,1579841313,18,7.32,9.0,68.41,10.13
634,Gilbues,100,BR,1579841314,98,-9.83,-45.34,69.17,2.24
635,Koungou,93,YT,1579841314,88,-12.73,45.2,82.4,13.87
636,Curuguaty,8,PY,1579841314,96,-24.47,-55.69,64.31,2.01
637,Talbahat,0,IN,1579841315,27,25.05,78.43,66.54,8.32
638,Muros,100,ES,1579841160,100,42.78,-9.06,42.24,2.42
639,Mazagao,36,BR,1579841315,100,-0.12,-51.29,77.0,4.7
